time,api_p95_ms,payments_p95_ms,payments_rps,event
01:00,198,301,155.8,
01:01,181,315,153.2,
01:02,175,308,149.2,
01:03,165,281,152.7,
01:04,191,309,153.5,
01:05,182,305,151.5,
01:06,185,266,149.7,
01:07,173,305,161.6,
01:08,180,323,147.1,
01:09,167,319,155.0,
01:10,174,275,154.1,
01:11,176,288,151.1,
01:12,171,322,153.0,
01:13,164,344,148.1,
01:14,169,315,145.2,
01:15,185,334,154.5,
01:16,183,328,147.1,
01:17,180,252,145.7,
01:18,178,298,144.8,
01:19,191,292,152.1,
01:20,173,268,149.1,
01:21,182,310,148.7,
01:22,183,296,143.5,
01:23,178,322,146.8,
01:24,176,290,143.0,
01:25,178,258,153.4,
01:26,174,299,147.9,
01:27,177,285,150.7,
01:28,182,304,143.8,
01:29,166,309,145.5,
01:30,175,309,150.2,
01:31,162,317,151.6,
01:32,172,276,147.8,
01:33,177,304,146.6,
01:34,180,276,146.1,
01:35,173,278,146.0,
01:36,167,302,146.5,
01:37,187,293,144.4,
01:38,171,320,149.6,
01:39,171,340,146.8,
01:40,165,282,143.2,
01:41,180,301,148.2,
01:42,173,291,139.6,
01:43,169,311,140.8,
01:44,177,288,144.9,
01:45,167,314,144.9,
01:46,157,298,143.6,
01:47,165,301,146.8,
01:48,187,343,145.0,
01:49,169,283,141.4,
01:50,182,308,143.3,
01:51,183,268,143.5,
01:52,163,320,152.1,
01:53,172,273,145.9,
01:54,163,249,137.1,
01:55,178,328,139.6,
01:56,155,266,143.1,
01:57,174,283,140.4,
01:58,187,268,143.9,
01:59,167,287,146.6,
02:00,159,315,147.0,
02:01,175,290,137.3,
02:02,177,289,137.2,
02:03,174,304,138.9,
02:04,177,330,141.1,
02:05,183,323,145.5,
02:06,177,302,142.2,
02:07,166,285,147.8,
02:08,174,280,146.5,
02:09,169,288,137.6,
02:10,158,305,141.7,
02:11,172,281,133.8,
02:12,178,277,141.8,
02:13,183,242,136.6,
02:14,178,314,138.8,deploy payments v2.31
02:15,151,292,140.9,
02:16,159,334,143.7,
02:17,166,387,141.2,
02:18,213,803,156.3,
02:19,220,923,162.3,
02:20,248,977,162.8,
02:21,255,1111,169.7,
02:22,285,1325,175.2,
02:23,285,1421,183.2,
02:24,322,1596,190.6,
02:25,293,1503,188.2,
02:26,332,1661,191.1,
02:27,307,1656,202.4,
02:28,359,2003,202.2,
02:29,355,2048,211.8,
02:30,354,2068,213.4,
02:31,383,2391,214.0,
02:32,379,2232,216.8,
02:33,404,2355,214.8,
02:34,403,2544,232.0,
02:35,420,2640,230.0,
02:36,409,2671,227.7,
02:37,432,2714,221.0,
02:38,444,2731,228.9,
02:39,445,2874,239.9,
02:40,492,3126,238.4,
02:41,470,3081,246.1,
02:42,455,3007,247.0,
02:43,491,3308,248.7,
02:44,499,3264,247.0,
02:45,493,3359,252.8,
02:46,526,3487,263.3,
02:47,521,3530,256.0,
02:48,509,3464,250.1,
02:49,516,3633,258.9,
02:50,533,3709,271.0,
02:51,526,3662,260.4,
02:52,528,3670,257.9,
02:53,495,3285,242.5,
02:54,493,3341,257.9,
02:55,517,3440,254.3,
02:56,491,3320,252.2,
02:57,502,3362,249.4,
02:58,514,3285,246.1,rollback payments v2.30
02:59,432,2798,238.9,
03:00,404,2351,199.6,
03:01,359,2082,204.8,
03:02,296,1478,173.2,
03:03,267,1296,170.2,
03:04,213,949,153.2,
03:05,198,685,144.7,
03:06,192,544,143.2,
03:07,167,392,128.8,
03:08,176,313,127.4,
03:09,178,316,129.4,
03:10,152,321,134.0,
03:11,165,237,127.7,
03:12,172,327,131.4,
03:13,164,266,126.3,
03:14,181,269,122.4,
03:15,156,287,126.6,
03:16,168,296,124.3,
03:17,170,302,129.7,
03:18,159,324,127.3,
03:19,153,287,128.0,
03:20,169,316,128.1,
03:21,176,300,132.3,
03:22,151,264,131.4,
03:23,170,312,130.9,
03:24,152,279,129.1,
03:25,164,278,134.5,
03:26,168,268,132.8,
03:27,160,325,123.8,
03:28,151,302,127.3,
03:29,160,296,129.5,
03:30,157,304,125.8,
03:31,160,300,124.6,
03:32,159,321,129.9,
03:33,172,305,127.4,
03:34,184,270,124.2,
03:35,164,275,126.2,
03:36,150,259,124.2,
03:37,152,289,121.8,
03:38,153,297,126.4,
03:39,157,302,130.8,
03:40,149,326,124.7,
03:41,155,325,116.9,
03:42,155,282,121.8,
03:43,167,305,126.3,
03:44,155,265,127.5,
03:45,151,292,122.7,
03:46,151,342,122.8,
03:47,153,297,122.9,
03:48,149,293,121.9,
03:49,156,295,123.9,
03:50,165,302,124.7,
03:51,162,271,121.9,
03:52,161,277,121.9,
03:53,165,291,118.1,
03:54,153,294,120.5,
03:55,167,287,124.1,
03:56,149,306,122.5,
03:57,172,327,124.0,
03:58,153,301,122.8,
03:59,159,273,116.5,
04:00,147,283,122.4,
04:01,163,294,123.2,
04:02,154,308,122.0,
04:03,155,278,122.6,
04:04,161,299,120.7,
04:05,146,345,117.3,
04:06,150,329,120.6,
04:07,143,321,119.5,
04:08,170,307,117.7,
04:09,156,306,121.1,
04:10,164,288,122.0,
04:11,156,313,116.8,
04:12,168,303,121.1,
04:13,160,282,118.8,
04:14,179,284,118.0,
04:15,157,292,114.3,
04:16,154,291,115.7,
04:17,129,292,118.2,
04:18,150,297,114.8,
04:19,153,262,118.8,
04:20,158,304,116.4,
04:21,172,325,113.3,
04:22,164,333,113.2,
04:23,162,301,124.5,
04:24,168,289,115.2,
04:25,171,290,115.2,
04:26,166,301,119.3,
04:27,164,305,124.9,
04:28,166,291,113.9,
04:29,153,298,109.6,
04:30,165,265,106.4,
04:31,153,288,118.9,
04:32,163,301,112.2,
04:33,147,277,115.2,
04:34,167,311,112.5,
04:35,161,329,114.7,
04:36,163,272,117.3,
04:37,144,299,109.9,
04:38,154,343,122.7,
04:39,165,318,120.2,
04:40,158,304,107.3,
04:41,149,278,116.4,
04:42,172,275,112.7,
04:43,157,310,115.4,
04:44,169,290,114.4,
04:45,133,279,118.5,
04:46,153,292,109.5,
04:47,146,314,116.8,
04:48,164,317,114.2,
04:49,174,279,113.7,
04:50,151,318,112.0,
04:51,159,287,111.6,
04:52,141,270,109.1,
04:53,157,273,115.3,
04:54,148,313,118.8,
04:55,156,286,107.7,
04:56,164,266,106.4,
04:57,142,289,108.5,
04:58,153,287,114.0,
04:59,165,284,113.0,
05:00,150,285,112.9,
